[
  {
    "model": "Toyota Land Cruiser 2025",
    "engine_location": "تحت غطاء المحرك على اليسار، بالقرب من السباكة، انظر الصورة في النسخة الكاملة.",
    "chassis_location": "جوّال تحت السيارة على الجهة اليمنى، مطبوع على الإطار."
  },
  {
    "model": "Nissan Patrol 2022",
    "engine_location": "أسفل غطاء المحرك على الجانب الأيسر خلف البطارية.",
    "chassis_location": "على حاجز العجلات الأمامي قبالة العجلة اليمنى."
  }
]